iter	Logloss
0	0.5791041565
1	0.4351693726
2	0.3693133545
3	0.3325537872
4	0.2978013039
